-- ============================================
-- LONE STAR RUBBIN' LEAGUE - Seed Data
-- ============================================
-- Run this AFTER the schema has been created.

-- ============================================
-- 1. SEASON
-- ============================================
INSERT INTO seasons (id, name, league_id, year, total_races, drops_per_stage, is_active)
VALUES (
  'a1000000-0000-0000-0000-000000000001',
  '2026 Lone Star Rubbin''',
  11660,
  2026,
  36,
  3,
  true
);

-- ============================================
-- 2. STAGES
-- ============================================
INSERT INTO stages (id, season_id, stage_number, name, series, total_races, drops_allowed, team_best_finishes, is_active) VALUES
  ('b1000000-0000-0000-0000-000000000001', 'a1000000-0000-0000-0000-000000000001', 1, 'Truck Series',   'NASCAR Truck',   12, 3, 9, true),
  ('b1000000-0000-0000-0000-000000000002', 'a1000000-0000-0000-0000-000000000001', 2, 'Xfinity Series', 'NASCAR Xfinity', 12, 3, 9, false),
  ('b1000000-0000-0000-0000-000000000003', 'a1000000-0000-0000-0000-000000000001', 3, 'Cup Series',     'NASCAR Cup',     12, 3, 9, false);

-- ============================================
-- 3. TEAMS
-- ============================================
INSERT INTO teams (id, name, active) VALUES
  ('c1000000-0000-0000-0000-000000000001', 'Justin+Nate',   true),
  ('c1000000-0000-0000-0000-000000000002', 'Blaine+Terry',  true),
  ('c1000000-0000-0000-0000-000000000003', 'Nik+Jordan',    true),
  ('c1000000-0000-0000-0000-000000000004', 'Ryan+Sam',      true);

-- ============================================
-- 4. DRIVERS
-- ============================================
INSERT INTO drivers (id, name, cust_id, team_id, active) VALUES
  ('d1000000-0000-0000-0000-000000000001', 'Justin Ellis4',   1282481, 'c1000000-0000-0000-0000-000000000001', true),
  ('d1000000-0000-0000-0000-000000000002', 'Nathan Becker',   1423684, 'c1000000-0000-0000-0000-000000000001', true),
  ('d1000000-0000-0000-0000-000000000003', 'Blaine Karnes',   1265792, 'c1000000-0000-0000-0000-000000000002', true),
  ('d1000000-0000-0000-0000-000000000004', 'Terry Domino',    NULL,    'c1000000-0000-0000-0000-000000000002', true),
  ('d1000000-0000-0000-0000-000000000005', 'Nik Green2',      369504,  'c1000000-0000-0000-0000-000000000003', true),
  ('d1000000-0000-0000-0000-000000000006', 'Jordan Stancil',  1268870, 'c1000000-0000-0000-0000-000000000003', true),
  ('d1000000-0000-0000-0000-000000000007', 'Ryan Ramsey',     369623,  'c1000000-0000-0000-0000-000000000004', true),
  ('d1000000-0000-0000-0000-000000000008', 'Sam Kunnemann',   1444517, 'c1000000-0000-0000-0000-000000000004', true);

-- Link drivers to teams
UPDATE teams SET driver_1_id = 'd1000000-0000-0000-0000-000000000001', driver_2_id = 'd1000000-0000-0000-0000-000000000002' WHERE id = 'c1000000-0000-0000-0000-000000000001';
UPDATE teams SET driver_1_id = 'd1000000-0000-0000-0000-000000000003', driver_2_id = 'd1000000-0000-0000-0000-000000000004' WHERE id = 'c1000000-0000-0000-0000-000000000002';
UPDATE teams SET driver_1_id = 'd1000000-0000-0000-0000-000000000005', driver_2_id = 'd1000000-0000-0000-0000-000000000006' WHERE id = 'c1000000-0000-0000-0000-000000000003';
UPDATE teams SET driver_1_id = 'd1000000-0000-0000-0000-000000000007', driver_2_id = 'd1000000-0000-0000-0000-000000000008' WHERE id = 'c1000000-0000-0000-0000-000000000004';

-- ============================================
-- 5. POINTS STRUCTURE (NASCAR-style, Top 40)
-- ============================================
-- 1st = 40, 2nd = 35, 3rd = 34, 4th = 33 ... 40th = 1
INSERT INTO points_structure (season_id, finish_position, points) VALUES
  ('a1000000-0000-0000-0000-000000000001', 1, 40),
  ('a1000000-0000-0000-0000-000000000001', 2, 35),
  ('a1000000-0000-0000-0000-000000000001', 3, 34),
  ('a1000000-0000-0000-0000-000000000001', 4, 33),
  ('a1000000-0000-0000-0000-000000000001', 5, 32),
  ('a1000000-0000-0000-0000-000000000001', 6, 31),
  ('a1000000-0000-0000-0000-000000000001', 7, 30),
  ('a1000000-0000-0000-0000-000000000001', 8, 29),
  ('a1000000-0000-0000-0000-000000000001', 9, 28),
  ('a1000000-0000-0000-0000-000000000001', 10, 27),
  ('a1000000-0000-0000-0000-000000000001', 11, 26),
  ('a1000000-0000-0000-0000-000000000001', 12, 25),
  ('a1000000-0000-0000-0000-000000000001', 13, 24),
  ('a1000000-0000-0000-0000-000000000001', 14, 23),
  ('a1000000-0000-0000-0000-000000000001', 15, 22),
  ('a1000000-0000-0000-0000-000000000001', 16, 21),
  ('a1000000-0000-0000-0000-000000000001', 17, 20),
  ('a1000000-0000-0000-0000-000000000001', 18, 19),
  ('a1000000-0000-0000-0000-000000000001', 19, 18),
  ('a1000000-0000-0000-0000-000000000001', 20, 17),
  ('a1000000-0000-0000-0000-000000000001', 21, 16),
  ('a1000000-0000-0000-0000-000000000001', 22, 15),
  ('a1000000-0000-0000-0000-000000000001', 23, 14),
  ('a1000000-0000-0000-0000-000000000001', 24, 13),
  ('a1000000-0000-0000-0000-000000000001', 25, 12),
  ('a1000000-0000-0000-0000-000000000001', 26, 11),
  ('a1000000-0000-0000-0000-000000000001', 27, 10),
  ('a1000000-0000-0000-0000-000000000001', 28, 9),
  ('a1000000-0000-0000-0000-000000000001', 29, 8),
  ('a1000000-0000-0000-0000-000000000001', 30, 7),
  ('a1000000-0000-0000-0000-000000000001', 31, 6),
  ('a1000000-0000-0000-0000-000000000001', 32, 5),
  ('a1000000-0000-0000-0000-000000000001', 33, 4),
  ('a1000000-0000-0000-0000-000000000001', 34, 3),
  ('a1000000-0000-0000-0000-000000000001', 35, 2),
  ('a1000000-0000-0000-0000-000000000001', 36, 1),
  ('a1000000-0000-0000-0000-000000000001', 37, 1),
  ('a1000000-0000-0000-0000-000000000001', 38, 1),
  ('a1000000-0000-0000-0000-000000000001', 39, 1),
  ('a1000000-0000-0000-0000-000000000001', 40, 1);

-- ============================================
-- 6. BONUS DEFINITIONS
-- ============================================
INSERT INTO bonus_definitions (season_id, name, code, points, description) VALUES
  ('a1000000-0000-0000-0000-000000000001', 'Pole Position',    'pole',          2, 'Best qualifying time'),
  ('a1000000-0000-0000-0000-000000000001', 'Fastest Lap',      'fastest_lap',   1, 'Fastest single lap in race'),
  ('a1000000-0000-0000-0000-000000000001', 'Most Laps Led',    'most_laps_led', 2, 'Led the most laps in the race'),
  ('a1000000-0000-0000-0000-000000000001', 'Lowest Incidents', 'low_incidents',  2, 'Fewest incidents among league drivers'),
  ('a1000000-0000-0000-0000-000000000001', 'Clean Race',       'clean_race',    1, '0 incidents in the race');

-- ============================================
-- 7. INCIDENT PENALTIES
-- ============================================
INSERT INTO incident_penalties (season_id, min_incidents, max_incidents, penalty_points, description) VALUES
  ('a1000000-0000-0000-0000-000000000001', 5,  8,  -1, '-1 point per incident over 4'),
  ('a1000000-0000-0000-0000-000000000001', 9,  12, -2, '-2 points per incident over 8'),
  ('a1000000-0000-0000-0000-000000000001', 13, NULL, -3, '-3 points per incident over 12');

-- ============================================
-- 8. COMPLETED RACES (Stage 1, Races 1-6)
-- ============================================
INSERT INTO races (id, stage_id, race_number, race_date, track_name, series, status) VALUES
  ('e1000000-0000-0000-0000-000000000001', 'b1000000-0000-0000-0000-000000000001', 1, '2026-02-12', 'Daytona',   'NASCAR Truck', 'completed'),
  ('e1000000-0000-0000-0000-000000000002', 'b1000000-0000-0000-0000-000000000001', 2, '2026-02-26', 'EchoPark',  'NASCAR Truck', 'completed'),
  ('e1000000-0000-0000-0000-000000000003', 'b1000000-0000-0000-0000-000000000001', 3, '2026-03-05', 'CODA',      'NASCAR Truck', 'completed'),
  ('e1000000-0000-0000-0000-000000000004', 'b1000000-0000-0000-0000-000000000001', 4, '2026-03-12', 'Phoenix',   'NASCAR Truck', 'completed'),
  ('e1000000-0000-0000-0000-000000000005', 'b1000000-0000-0000-0000-000000000001', 5, '2026-03-19', 'Las Vegas', 'NASCAR Truck', 'completed'),
  ('e1000000-0000-0000-0000-000000000006', 'b1000000-0000-0000-0000-000000000001', 6, '2026-03-26', 'Darlington','NASCAR Truck', 'completed');

-- ============================================
-- 9. SCHEDULE (Stage 1 completed + placeholders)
-- ============================================
-- Stage 1 completed races
INSERT INTO schedule (season_id, stage_number, race_number, track_name, race_date, series, status, race_id) VALUES
  ('a1000000-0000-0000-0000-000000000001', 1, 1, 'Daytona',    '2026-02-12', 'NASCAR Truck', 'completed', 'e1000000-0000-0000-0000-000000000001'),
  ('a1000000-0000-0000-0000-000000000001', 1, 2, 'EchoPark',   '2026-02-26', 'NASCAR Truck', 'completed', 'e1000000-0000-0000-0000-000000000002'),
  ('a1000000-0000-0000-0000-000000000001', 1, 3, 'CODA',       '2026-03-05', 'NASCAR Truck', 'completed', 'e1000000-0000-0000-0000-000000000003'),
  ('a1000000-0000-0000-0000-000000000001', 1, 4, 'Phoenix',    '2026-03-12', 'NASCAR Truck', 'completed', 'e1000000-0000-0000-0000-000000000004'),
  ('a1000000-0000-0000-0000-000000000001', 1, 5, 'Las Vegas',  '2026-03-19', 'NASCAR Truck', 'completed', 'e1000000-0000-0000-0000-000000000005'),
  ('a1000000-0000-0000-0000-000000000001', 1, 6, 'Darlington', '2026-03-26', 'NASCAR Truck', 'completed', 'e1000000-0000-0000-0000-000000000006');

-- Stage 1 upcoming races (7-12) — dates are weekly from last completed
INSERT INTO schedule (season_id, stage_number, race_number, track_name, race_date, series, status) VALUES
  ('a1000000-0000-0000-0000-000000000001', 1, 7,  'TBD', '2026-04-02', 'NASCAR Truck', 'upcoming'),
  ('a1000000-0000-0000-0000-000000000001', 1, 8,  'TBD', '2026-04-09', 'NASCAR Truck', 'upcoming'),
  ('a1000000-0000-0000-0000-000000000001', 1, 9,  'TBD', '2026-04-16', 'NASCAR Truck', 'upcoming'),
  ('a1000000-0000-0000-0000-000000000001', 1, 10, 'TBD', '2026-04-23', 'NASCAR Truck', 'upcoming'),
  ('a1000000-0000-0000-0000-000000000001', 1, 11, 'TBD', '2026-04-30', 'NASCAR Truck', 'upcoming'),
  ('a1000000-0000-0000-0000-000000000001', 1, 12, 'TBD', '2026-05-07', 'NASCAR Truck', 'upcoming');

-- ============================================
-- VERIFICATION QUERY
-- ============================================
SELECT
  (SELECT COUNT(*) FROM drivers) AS drivers,
  (SELECT COUNT(*) FROM teams) AS teams,
  (SELECT COUNT(*) FROM seasons) AS seasons,
  (SELECT COUNT(*) FROM stages) AS stages,
  (SELECT COUNT(*) FROM races) AS races,
  (SELECT COUNT(*) FROM points_structure) AS points_structure,
  (SELECT COUNT(*) FROM bonus_definitions) AS bonus_definitions,
  (SELECT COUNT(*) FROM incident_penalties) AS incident_penalties,
  (SELECT COUNT(*) FROM schedule) AS schedule_entries;
